Providers ID,Name,Url
1,,https://www.ayur.ru
2,,https://india-bazar.ru
3,,https://domayurveda.ru
5,,https://gangga.ru
6,,https://mahabazar.club
7,,https://spb.jiv-zdrav.ru
8,,https://spb.himalay.ru
9,,https://india-spb.ru
10,,https://laxme.ru
11,,https://www.ayurveda-shop.ru
12,,https://ayurvedamarket.ru
13,,https://supertelo906090.com
14,,https://ayurdom.ru
15,,https://ayurvedaplus.ru
16,,https://www.ayurveding.ru
17,,https://ashaindia.ru
18,,https://ru.ayurvedarussia.online
19,,https://myindia.ru
20,,https://ayurvedadom.com
21,,https://goabay.com
22,,https://aurveda.ru
23,,https://santanaherbals.ru
24,,https://ramayoga.ru
25,,https://fitomarket.ru
26,,https://marislavna.ru
27,,https://spb.magazintrav.ru
28,,https://fitoterapevt.ru
29,,https://fitosales.ru
30,,https://spb.market-trav.ru
31,,https://clinica-gromovoi.ru
32,,https://eco-bay.ru
33,,https://travogor.ru
34,,https://peptides1.ru
35,,https://www.a-svet.ru
36,,https://baikmed.ru
37,,https://clever-med.com
38,,https://mrtravnik.ru
39,,https://mylo-opt.ru
40,,https://ekopiter.ru
41,,https://travamana.ru
42,,https://spb.ecoorganica.ru
43,,https://spb.fitoaptekar.ru
44,,http://spb.ecotopia.ru
45,,https://travy-altaia.ru
46,,https://www.rodnyetravy.ru
47,,https://blagodat-altay.ru
48,,https://fitotrav.ru
49,,https://alt-tea.ru
50,,https://altay.ru
51,,https://ruherbs.ru
52,,https://алтайский.сайт
53,,https://zozhka.ru
54,,https://raisfarm.ru
55,,https://drthai.ru
56,,https://thaiget.ru
57,,https://orthomol.online
58,,https://shop.siam-sabai.ru
59,,https://thaiz.ru
60,,https://sabaicosmetic.ru
61,,https://karambola-shop.ru
62,,https://spb.thaiwow.ru
63,,https://thaicare100.com
64,,https://samalpharmacy.ru
65,,https://bestfromthai.ru
66,,https://jomolungma.ru
67,,https://kupithai.ru
68,,https://www.siamlife.ru
69,,https://thaistore.ru
70,,https://tai-nash.ru
71,,https://aromaschool.ru
72,,https://www.aromashka.ru
73,,https://daichai.ru
74,,https://aromarti.ru
75,,https://efirmir.com
76,,https://www.arveda.ru
77,,https://www.aromatekan1.ru
78,,https://beorganic.ru
79,,https://www.pharmacosmetica.ru
80,,https://mother-earth.ru
81,,https://kraftoils.ru
82,,https://nhatrangshop.ru
83,,https://asiarf.ru
84,,https://shop.vietmagazin.ru
85,,https://fromvietnam.ru
86,,https://www.vanlang.ru
87,,https://вьетнамские-товары.рф
88,,https://viet.exoshop.ru
89,,http://bee-spb.ru
90,,https://bao.cobratoxan.com
91,,https://tesakov.com
92,,https://okindia.ru
93,,https://vietexpert.ru
94,,https://www.china-capsula.ru
95,,https://cinofarm-spb.ru
96,,https://china-dv.ru
97,,https://chimed.shop
98,,https://ayushi.ru
99,,https://rlotos.ru
100,,https://asia-pharm.shop
101,,https://zbfarm.info
102,,https://doctorchina.shop
103,,https://zhong-yao.ru
104,,https://dary-kitaya.ru
105,,http://centralru.ru
106,,https://kitajskaya-lavka.ru
107,,https://fenesta.ru
108,,https://дракон-азии.рф
109,,https://lotos-herbals.ru
110,,https://www.afrodita-byuti.ru
111,,https://apteka-kitaya24.ru
112,,http://china-medik.ru
113,,https://www.asiabio.ru
114,,https://pharmatsvet.ru
115,,https://shop.evalar.ru
116,,https://zdravaltai.ru
117,,https://altaivita.ru
118,,https://www.vitamin-bio.ru
